iter	Logloss
0	0.2405698017
1	0.1699837801
