iter	Logloss
0	0.6548731249
1	0.6253653939
2	0.5983279114
3	0.576010664
4	0.5575109134
5	0.5417719021
6	0.5286704772
7	0.5174564956
8	0.5079688345
9	0.5000840626
10	0.4931134838
11	0.4868609205
12	0.4825854859
13	0.4782326604
14	0.47421992
15	0.4709195362
16	0.4679938773
17	0.4656033777
18	0.4635120063
19	0.4620703613
